{"agents": {"PPO_standard": {"episodes": [{"avg_reward": 0.0, "ep_len": 1, "sum_reward": 0.0}, {"avg_reward": 0.957812488079071, "ep_len": 1, "sum_reward": 0.957812488079071}, {"avg_reward": 0.9613281488418579, "ep_len": 1, "sum_reward": 0.9613281488418579}, {"avg_reward": 0.9613281488418579, "ep_len": 1, "sum_reward": 0.9613281488418579}]}}, "exp_name": "Generalist_PPO_standard_MiniGrid-Empty-8x8-v0", "meta_data": {}}